{
    "Anamudi Shola National Park": [10.2083325, 77.083333],
    "Anshi National Park": [14.9981, 74.3587],
    "Balphakram National Park": [25.499998, 90.749997],
    "Bandhavgarh National Park": [23.646, 81.0313],
    "Bandipur National Park": [ 11.6673, 76.6286 ],
    "Bannerghatta National Park": [ 12.8009, 77.5776]
}
