{
    "Anamudi Shola National Park": [10.2083325, 77.083333],
    "Anshi National Park": [14.9981, 74.3587],
    "Balphakram National Park": [25.499998, 90.749997],
}
